first_name,last_name,email,password
Trish,Costigan,tcostigan0@odnoklassniki.ru,Q3XcF79YDL
Faun,Goold,fgoold1@java.com,093dI5
Baron,Siaskowski,bsiaskowski2@bloomberg.com,BQnhuLW4Mg
Gennie,Sobieski,gsobieski3@army.mil,ucemBL
Atlanta,Gotcliffe,agotcliffe4@va.gov,1FWKjVp
Curcio,Mathiassen,cmathiassen5@sfgate.com,yLJJCc8e
Taber,Ring,tring6@hatena.ne.jp,p42aJMq
Rubina,Tomkinson,rtomkinson7@pcworld.com,Mu2rAtDw
Feliza,Ruoff,fruoff8@odnoklassniki.ru,PTyoQQa
Taddeo,Finlater,tfinlater9@japanpost.jp,1UhI9wk
Kirbee,Haliburn,khaliburna@ed.gov,X5mD7D0At6V
Shelli,Sollis,ssollisb@friendfeed.com,SehGKLzm
Horst,Ranyell,hranyellc@squarespace.com,hyiESJ7O
Farand,Aylmore,faylmored@people.com.cn,q5YXSROIoxj
Natala,Assiter,nassitere@netscape.com,SeKlTDUq
Birch,Trencher,btrencherf@phpbb.com,ImcXTrLh
Thorpe,Brazener,tbrazenerg@harvard.edu,XZ5VFJKCI99
Richart,Addams,raddamsh@geocities.jp,bO7AOw879rL
Griff,Gonning,ggonningi@ifeng.com,oLjgpt7ZrFY
Shaine,Child,schildj@bravesites.com,aZeSRunPOTUo
Ichabod,Gammon,igammonk@rakuten.co.jp,jLmDcVkU
Godfrey,Belle,gbellel@wisc.edu,M4zoxe5gWow7
Fleming,Manclark,fmanclarkm@fda.gov,8xTlxN
Blaire,Rawcliffe,brawcliffen@earthlink.net,lOO23vi
Drusy,Sheed,dsheedo@xinhuanet.com,w7BzW8bSK
Merill,Bale,mbalep@princeton.edu,Kwrjx0IL
Clair,Joinson,cjoinsonq@toplist.cz,jaOYjGgB
Boycie,Cartledge,bcartledger@blinklist.com,o09qgKDU0OH
Johannes,Callington,jcallingtons@jugem.jp,8rA1SE
Shelton,Rawls,srawlst@geocities.jp,FQSjGcj1bf
Leah,Gauch,lgauchu@java.com,nkmiJQaVzSkg
Far,Gudger,fgudgerv@a8.net,7t4cKun
Ilka,Buckerfield,ibuckerfieldw@ow.ly,QCCfYiE0FV
Leontine,Bradden,lbraddenx@fastcompany.com,WVbQsop
Raychel,O' Dooley,rodooleyy@google.nl,BrAKmL92eZ
Perri,Chesters,pchestersz@elegantthemes.com,ddURfQf
Kinnie,Perin,kperin10@gnu.org,9KSJra49
Malinde,Camplen,mcamplen11@google.it,2fF6WtT
Leanor,Bretton,lbretton12@twitpic.com,VZNatDTUj
Beitris,Troup,btroup13@amazon.co.uk,C9bPZeC
Ancell,McIlwreath,amcilwreath14@altervista.org,EK3yVF
Seline,Pickford,spickford15@google.ru,gS8TL7VcB
Gary,Palk,gpalk16@arizona.edu,9ouPhGFK
Alvin,Langman,alangman17@hostgator.com,fM2HLDhoyqPW
Elena,Hacket,ehacket18@ihg.com,34AS2r6KYkL
Peggie,Clara,pclara19@shop-pro.jp,UgSKlX
Lurline,Heephy,lheephy1a@mysql.com,FiObUG3kqBn3
Gisella,Thackwray,gthackwray1b@lulu.com,RjoIlrYCqFP
Gayleen,Esley,gesley1c@is.gd,qfMEl4Nvm
Dulcine,Sully,dsully1d@seesaa.net,pvcvgEzUf6h
Mab,Ramme,mramme1e@dailymotion.com,P4H67wiC
Buddie,Wildblood,bwildblood1f@ezinearticles.com,FG3rA5XDc
Gwenny,Streeting,gstreeting1g@squidoo.com,eF6g8EuenY
Dody,Draysay,ddraysay1h@bing.com,dmGi0WWH
Malorie,McNiven,mmcniven1i@freewebs.com,HtUjQTqSrGA
Elicia,Thridgould,ethridgould1j@berkeley.edu,8CCvxth
Celina,Frizell,cfrizell1k@epa.gov,hHYElAkqpiB
Toinette,Gowlett,tgowlett1l@latimes.com,5C7Bb3XHjXnh
Tremaine,Vedyaev,tvedyaev1m@unc.edu,f7DKVeAN
Kati,Barribal,kbarribal1n@mail.ru,XapZEcd7nGr
Osborn,Hobgen,ohobgen1o@phpbb.com,gzCSQIjWsEy
Buck,Kopta,bkopta1p@gmpg.org,ky2ozSigKK
Ariel,Megany,amegany1q@blogtalkradio.com,nO4jzlt4
Clarita,Shillabear,cshillabear1r@paginegialle.it,e0pDb8aYdvM
Sanford,Burgett,sburgett1s@apache.org,6UhlgGIbAa
Merill,Vlahos,mvlahos1t@adobe.com,1cTP442oN
Edwina,McKean,emckean1u@wiley.com,jcywZc
Horatia,Warmington,hwarmington1v@mac.com,xGjlzZuXfII
Norrie,Votier,nvotier1w@homestead.com,FkfIg03ZR
Bartholomeo,Carles,bcarles1x@amazonaws.com,O1M0hARjFP
Curt,Boggas,cboggas1y@opensource.org,4GeHsJtm9rBr
Sidney,Bedbrough,sbedbrough1z@surveymonkey.com,3exu2V2ww9
Putnem,Harnor,pharnor20@prlog.org,TikAeMZkX5Rs
Albertina,Shippam,ashippam21@taobao.com,1BYaAtFNHfV0
Marion,Jakov,mjakov22@yolasite.com,ANQ680cWFJZ
Carly,Bisley,cbisley23@issuu.com,8F7JN12
Jed,Gadaud,jgadaud24@fotki.com,jAJEmm3
Tabbie,Buzin,tbuzin25@smh.com.au,5pnNzc6WB7C
Allegra,Olliver,aolliver26@amazonaws.com,FQmsufELIiJT
Brigid,Buttner,bbuttner27@dailymotion.com,1wOiAf
Imojean,Woodrup,iwoodrup28@homestead.com,TqWeEezp9
Lawrence,McCreery,lmccreery29@bloglines.com,4uqwQtEw
Meara,Ghilardini,mghilardini2a@so-net.ne.jp,yrd04sbFqg54
Darb,Luckcuck,dluckcuck2b@mapquest.com,kBhuiz3YDmTd
Lanita,Claw,lclaw2c@cornell.edu,wnhfAc
Carly,Whittet,cwhittet2d@va.gov,wmTC26UrBg
Onfre,Davley,odavley2e@tripadvisor.com,GFa8Zz
Westleigh,Troutbeck,wtroutbeck2f@sina.com.cn,8sW2QlZHJl
Cori,Montilla,cmontilla2g@phpbb.com,zsFbfGM
Sidonia,Scott,sscott2h@amazon.co.jp,aIdmk62Mh5
Elbertine,Fardon,efardon2i@merriam-webster.com,HIaq5pEyDv3Y
Klarika,Callway,kcallway2j@alexa.com,xdZ7Hz
Aubree,Carlyle,acarlyle2k@ifeng.com,beKjnxV1s
Pall,Ogborne,pogborne2l@marketwatch.com,bFVScusirKt
Joshia,Webling,jwebling2m@blogs.com,SKWpxrxhHw9
Caldwell,Brosel,cbrosel2n@angelfire.com,0NZj1US
Dacia,Janusz,djanusz2o@ning.com,os4zENTBVd
Jeanne,Cranshaw,jcranshaw2p@salon.com,zT2DwZ
Chiquia,Burton,cburton2q@elegantthemes.com,ghHvkV
Vere,Knell,vknell2r@chicagotribune.com,RAu2FFv0
Skip,Rearie,srearie2s@netlog.com,IIbedF
Saunderson,Moors,smoors2t@eventbrite.com,M57CjuD67j1y
Imogene,Merigot,imerigot2u@imdb.com,YGI4Yv
Godart,McPherson,gmcpherson2v@cbslocal.com,LyoL9B
Sayres,Pflieger,spflieger2w@rambler.ru,HX2gWW
Ase,Glander,aglander2x@rediff.com,4e8bvA
Jennica,Karlicek,jkarlicek2y@europa.eu,1UpMUh
Fredelia,Longson,flongson2z@msn.com,Y5O3HQTPi
Royce,Goublier,rgoublier30@ocn.ne.jp,t0S30TMGLaI
Ynes,Hubery,yhubery31@auda.org.au,xHXsoDB5
Horacio,Cometto,hcometto32@springer.com,gMwzS0zkMrQ
Birch,Tomadoni,btomadoni33@dailymotion.com,u1RSvyw2FWo
Frances,Lummis,flummis34@netvibes.com,WhlBfG
Morgan,Brittlebank,mbrittlebank35@geocities.jp,NgotTTOEz
Kory,Ferroli,kferroli36@ask.com,OYutF4oAtwn
Udall,Greenlees,ugreenlees37@techcrunch.com,KqhGiipqV4
Walliw,Fabbri,wfabbri38@twitter.com,0Rd8wpR9ATF
Emmit,Axe,eaxe39@imgur.com,MbE9DvL
Irvin,Lanfere,ilanfere3a@geocities.jp,z1GLmm0
Pris,Callis,pcallis3b@quantcast.com,gIZnh5
Colas,Grafton,cgrafton3c@youtu.be,m1GRe2l8i
Tadd,Duiguid,tduiguid3d@engadget.com,hlHSYFF
Holden,Matyushkin,hmatyushkin3e@cbc.ca,I8ls27
Theodoric,Shorton,tshorton3f@is.gd,XlTA1TKHZ4
Timoteo,Thatcher,tthatcher3g@zdnet.com,pjZcfYRQa
Helaine,Bergeon,hbergeon3h@google.com,FocDLkL
Freddy,Ardley,fardley3i@unicef.org,USjohFm
Marleen,Peye,mpeye3j@patch.com,N55F32FWrSb
Papageno,Gurdon,pgurdon3k@virginia.edu,JWBslBUZC
Cristian,Baldetti,cbaldetti3l@samsung.com,NM2YGn1xQ
Carver,McAlpine,cmcalpine3m@prweb.com,W9jYlN4u3dm
Deirdre,Mara,dmara3n@prlog.org,620svFTEdMB
Spenser,Tomaskov,stomaskov3o@nba.com,1dwCSKR
Francklyn,Crame,fcrame3p@census.gov,TgZK0ImYTN
Caitlin,Sharrard,csharrard3q@histats.com,AXRMnxPMg0mB
Brianne,Francescuccio,bfrancescuccio3r@discovery.com,Gq0qqv1ck
Cordula,Kilgrew,ckilgrew3s@npr.org,nzjuQRJ
Olwen,Sumpner,osumpner3t@fc2.com,pVL7b7wT1oUO
Brittne,Fidgin,bfidgin3u@sina.com.cn,JYXnZrqvTeI
Collen,Goodwin,cgoodwin3v@dion.ne.jp,tW9ywgXSH
Roxine,Arthy,rarthy3w@ebay.co.uk,pTVkW0mTA
Mayer,Persence,mpersence3x@usgs.gov,QKvH1YbO
Jacenta,Rosenhaupt,jrosenhaupt3y@dedecms.com,DEBL9ML
Jami,Persey,jpersey3z@opera.com,9cQqED
Iseabal,Perillo,iperillo40@elegantthemes.com,13jsRr9S
Fred,Authers,fauthers41@fc2.com,omdeoJbubQeu
Doy,Duncklee,dduncklee42@com.com,oMYIcYjf0
Vivyanne,Muress,vmuress43@goo.gl,CDvZAzIph
Ermengarde,Ovendon,eovendon44@qq.com,5k3Fpk
Fayina,Scupham,fscupham45@disqus.com,o5Q5Wz
Maggie,McWhannel,mmcwhannel46@virginia.edu,3KNURza
Anallise,Mayer,amayer47@census.gov,23vawK21f8
Vivian,Muskett,vmuskett48@archive.org,LLd5Qye3G
Rebecca,McKinstry,rmckinstry49@squarespace.com,6TwSTfiCB
Ermanno,Bleier,ebleier4a@timesonline.co.uk,T2trOFo
Tiphany,Mully,tmully4b@hexun.com,Q2jzDx7
Anya,Rawsthorn,arawsthorn4c@qq.com,XeEQ3wrXyI
Cull,Harverson,charverson4d@w3.org,hGfjhoo3
Luelle,Burnsides,lburnsides4e@amazon.de,g9fFZAJc
Aharon,Filipychev,afilipychev4f@harvard.edu,f8VJRzIo
Tania,Bau,tbau4g@t.co,YetwDz
Lena,Shoemark,lshoemark4h@rakuten.co.jp,y7RTHmoSgh
Lucy,Gasken,lgasken4i@yellowbook.com,QnPWxwMdf5fZ
Genevra,Nudds,gnudds4j@51.la,rPg4Se
Frederic,Geffinger,fgeffinger4k@4shared.com,7vxCV76KwrU
Luisa,Boulde,lboulde4l@google.es,bEfHxrw2
Florian,Brecknock,fbrecknock4m@economist.com,nhzrli
Xylina,Sommerland,xsommerland4n@squidoo.com,fFT0GPV7xRWX
Elayne,Gilliat,egilliat4o@smh.com.au,6WkpGKRO4E
Ky,Buckhurst,kbuckhurst4p@japanpost.jp,KXP54J
Eden,Shark,eshark4q@slashdot.org,9jr2rDBE1m
Kettie,Firebrace,kfirebrace4r@naver.com,gQQ0d9nnelA
Trula,Cescon,tcescon4s@google.nl,b0c871Nt8fbe
Kaylyn,Prichard,kprichard4t@reuters.com,YEc4Fb
Audrye,Garvan,agarvan4u@typepad.com,KFEYbRg
Martelle,Bottell,mbottell4v@joomla.org,vJuspkeQi
Doralia,Grimsditch,dgrimsditch4w@state.gov,eQMhoTZsWtjL
Herta,Nuttall,hnuttall4x@blogs.com,rwhmqMs9pPES
Irene,Harlett,iharlett4y@goodreads.com,5ZTWtYhmFWi8
Tome,Rigeby,trigeby4z@domainmarket.com,ViJoqac0ij
Chad,Mogra,cmogra50@prlog.org,CsL4S8i
Ramsey,Landells,rlandells51@reddit.com,MgQ99lp
Leta,Galler,lgaller52@oakley.com,Ghzl29hRFg
Gail,McPhilemy,gmcphilemy53@ustream.tv,n47usndURME
Leilah,Klesse,lklesse54@slate.com,1RA7Ex
Cynthie,Pearson,cpearson55@slashdot.org,0SypsDIefIXQ
Chadd,Ibbison,cibbison56@prnewswire.com,juOfF10
Renae,Bockmann,rbockmann57@chron.com,odLAWVU
Chanda,Sleaford,csleaford58@java.com,KH8Ytfm
Queenie,Dimic,qdimic59@walmart.com,G4nsW9FDlc
Alberta,Mingaud,amingaud5a@cpanel.net,UkiCRUo2e
Merlina,Tesyro,mtesyro5b@msn.com,AnVEvzAfHx3
Ezri,Zorzetti,ezorzetti5c@census.gov,wxkoniibO9N
Leonidas,Valentino,lvalentino5d@admin.ch,K7UZvfiR5tK
Anthia,Cavie,acavie5e@blogs.com,l4jCyA6Nl
Mora,Alekhov,malekhov5f@hao123.com,pao0VM
Brigg,McKeighan,bmckeighan5g@house.gov,R0FnAN0w
Merridie,Duffill,mduffill5h@rediff.com,QBJJCWCkvY1B
Arlina,Gotthard,agotthard5i@ca.gov,hZJlnzvWc7T
Fernando,Perkinson,fperkinson5j@about.com,vPiCiIz
Andeee,Gribbin,agribbin5k@aol.com,fCvRpozyOOdL
Lauri,Lidgley,llidgley5l@taobao.com,ASPICIWn
Blane,Allenby,ballenby5m@cpanel.net,NeVPiq0
Scottie,Feveryear,sfeveryear5n@yandex.ru,tdpIxc
Sandie,Spensly,sspensly5o@ocn.ne.jp,bZj1Pu
Mag,Birds,mbirds5p@addthis.com,IndWdmUmDoZW
Elinor,Dillaway,edillaway5q@vistaprint.com,IuTJJ1B
Minta,Hugonin,mhugonin5r@netscape.com,TbZ8Nw3jGy6c
Theda,Riddett,triddett5s@sohu.com,ZH5Zak
Rosalinde,Scouller,rscouller5t@biglobe.ne.jp,d2zXR873ZDt8
Sax,Burton,sburton5u@answers.com,g6w7UL0J
Fannie,Jemison,fjemison5v@behance.net,srX7Jm
Hurleigh,Varnals,hvarnals5w@g.co,VMcXMapA
Bruce,Wardroper,bwardroper5x@printfriendly.com,p5TO1uriV
Marcello,Larter,mlarter5y@webs.com,J7bUji
Elise,Cartwight,ecartwight5z@51.la,S2QTsV
Catherin,Orrey,correy60@istockphoto.com,cWvTXcGSp1jB
Murielle,Courage,mcourage61@linkedin.com,tMie6RRE
Thornton,Raison,traison62@nhs.uk,RHEuifXQ7C
Ardyce,Grennan,agrennan63@washington.edu,l9poTmXD
Angeline,Hambly,ahambly64@chronoengine.com,QA8Ahac7Auyt
Rayshell,Gandy,rgandy65@ovh.net,bZ9spXihSSu
Margarita,McLernon,mmclernon66@taobao.com,PNE0r8V0IuYd
Hilary,Elderkin,helderkin67@hubpages.com,N59dyY
Alric,Hammant,ahammant68@twitpic.com,7to8Tx2bGt4u
Maddy,Grinnov,mgrinnov69@linkedin.com,ARTDjMId2OT
Maximo,Sebire,msebire6a@gnu.org,TERLrS8x0
Gabbi,Stubbin,gstubbin6b@bigcartel.com,8aDmHUcuh
Kristos,Chesley,kchesley6c@va.gov,sqMI9FZnErek
Channa,Phebee,cphebee6d@youtube.com,RDRStq97X
Lin,Senter,lsenter6e@angelfire.com,V81LDHnR
Gloriane,Le Marquis,glemarquis6f@hao123.com,F0CHRGihZKF
Aaron,Cortez,acortez6g@storify.com,DjP58PIiPY0J
Jillayne,McSpirron,jmcspirron6h@usda.gov,DyQqfu9gnc
Arabele,Howett,ahowett6i@bluehost.com,NdbXdQ
Kristian,Marie,kmarie6j@wix.com,RgwJUj
Bay,Hairs,bhairs6k@weibo.com,37juwG0ebP
Kimbra,Soffe,ksoffe6l@usa.gov,is9DNNKI
Jaquenette,Tinton,jtinton6m@mysql.com,uw3p34LPHK
Darelle,Sawyers,dsawyers6n@google.nl,w9mWllXY7Rr
Boycey,Pilcher,bpilcher6o@discuz.net,oCb0kJC4q6
Orelle,Gentric,ogentric6p@utexas.edu,VM92yh
Hubie,Holbury,hholbury6q@wsj.com,KmyBT1WTMTF
Frazier,Olerenshaw,folerenshaw6r@miitbeian.gov.cn,3OUIEp5VHrnd
Deanne,Kibblewhite,dkibblewhite6s@vkontakte.ru,UK3YsCCRHq
Roley,Dufore,rdufore6t@imgur.com,TrOctxSVr2
Cortie,Balasin,cbalasin6u@microsoft.com,X1hw5xHbkPx1
Yehudi,Zorzetti,yzorzetti6v@uiuc.edu,DT7GHo
Felike,Jodlowski,fjodlowski6w@issuu.com,0IZqrvo3
Edita,Gerleit,egerleit6x@spiegel.de,YPmFtl
Gerrie,Starsmore,gstarsmore6y@springer.com,MLvPPWrJVVxM
Matelda,Brownsey,mbrownsey6z@dion.ne.jp,KNcPoxgkNSz
Jeane,Coll,jcoll70@slashdot.org,uKUKDx9jvl
Cull,MacIntosh,cmacintosh71@upenn.edu,iWA7qNV08ZV
Leonid,Ridwood,lridwood72@360.cn,3nWRPWokqK
Dmitri,Rulton,drulton73@ox.ac.uk,D3g46GDP
Brig,Pettyfar,bpettyfar74@netscape.com,UQxE5wXqB
Myrtice,Gergely,mgergely75@studiopress.com,UW64d6ZtN9
Shena,Redley,sredley76@paginegialle.it,WMNb9S
Dominik,Swoffer,dswoffer77@g.co,7TxQCI
Hugh,Blundell,hblundell78@prweb.com,8i8JcFAT
Sanford,Marns,smarns79@yandex.ru,WsZL1TntUxYA
Jeanne,Whittam,jwhittam7a@fotki.com,LvZJ4m
Regen,Merill,rmerill7b@archive.org,hCa3hmcJFxj
Eve,Wolseley,ewolseley7c@cloudflare.com,i7Tnqoo7Ly
Thorpe,Gyngell,tgyngell7d@cocolog-nifty.com,4sy1Rkn
Grier,Jarrad,gjarrad7e@yahoo.co.jp,1T67SO9HzYG
Florry,Prando,fprando7f@un.org,Hs7DoaF4oZC
Fran,Waller,fwaller7g@goo.gl,fdzPMlQIYN2F
Clotilda,Grosier,cgrosier7h@ted.com,7sth9M
Leisha,Gheerhaert,lgheerhaert7i@odnoklassniki.ru,JQ9fZxIk7c6f
Albertine,Ashcroft,aashcroft7j@economist.com,leOj29ZZoK
Viviene,Napolitano,vnapolitano7k@cmu.edu,dAJDxlm2Rq
Violante,Coie,vcoie7l@about.me,J3MCDwT
Pamelina,Eannetta,peannetta7m@reddit.com,y4XRf5a2Btx
Marijo,Shemmin,mshemmin7n@g.co,OygxEB
Johannes,Hebson,jhebson7o@photobucket.com,ns9iVVGhel5
Nick,Brymner,nbrymner7p@google.it,KjlSXNFL6p
Gran,Sprigg,gsprigg7q@spotify.com,c8FHtyf
Gypsy,Warr,gwarr7r@google.com.hk,LZOX9bGQ7
Debra,Pesselt,dpesselt7s@smh.com.au,2YF9BMLYyN9
Miles,Ingham,mingham7t@delicious.com,9rZ5Gq2MopgY
Wilhelmina,Diano,wdiano7u@so-net.ne.jp,CRkCDX
Arlie,Twelve,atwelve7v@slate.com,lN9itM43p
Pavel,Ameer-Beg,pameerbeg7w@noaa.gov,1cpqdvE0rqr
Tammi,Alderton,talderton7x@github.com,pFeueY
Cornie,Donoghue,cdonoghue7y@stumbleupon.com,6xDfPlP
Kare,Heady,kheady7z@vistaprint.com,5xea3jj4DQGD
Brittany,Riccardi,briccardi80@ox.ac.uk,Ik7VPBxofs
Timotheus,Melbury,tmelbury81@umn.edu,NNJVAmJzyLw6
Melisent,Olyonov,molyonov82@wix.com,AD9Bycva
Tana,Throughton,tthroughton83@ustream.tv,6VzqWn
Fletcher,Halegarth,fhalegarth84@pinterest.com,jIOv6VlSJ95y
Sutherlan,MacIllrick,smacillrick85@phpbb.com,NYUtyI
Alexandra,Headingham,aheadingham86@diigo.com,uudOQ0sC
Bradney,Razzell,brazzell87@webs.com,5dD8TKL
Lindsey,Hubbold,lhubbold88@craigslist.org,HKjtBLK
Winni,Raoul,wraoul89@epa.gov,SI72YtpEBNPO
Arnuad,Deering,adeering8a@nhs.uk,0ESDGbIju
Schuyler,Tearle,stearle8b@umn.edu,54591O64
Mitch,Blaw,mblaw8c@youtube.com,f4DZkUQLGa
Walliw,Sproul,wsproul8d@apple.com,o0kQxdq1
Jacki,Boshers,jboshers8e@google.nl,N90OpUdHGLj
Butch,Von Hindenburg,bvonhindenburg8f@squarespace.com,uGFcWl9z
Gretel,Orris,gorris8g@weebly.com,zy3tq7
Gaile,Cafferty,gcafferty8h@storify.com,CZYLy8Wb
Charley,Growden,cgrowden8i@multiply.com,zyWl9TG4b8vl
Honey,Shotboulte,hshotboulte8j@rediff.com,20OrAAH7ubzg
Nappy,Abrahim,nabrahim8k@yale.edu,4KhnxJ0DH3x
Kingsley,Julian,kjulian8l@123-reg.co.uk,oWvOV3e
Ericha,Kolis,ekolis8m@opensource.org,wgBAocgZsnE
Christoper,Roggieri,croggieri8n@wordpress.org,efoPmOezaOU
Richmond,Lewson,rlewson8o@thetimes.co.uk,XNXOHfYvA
Aurel,Chicotti,achicotti8p@wisc.edu,ecALC7C1
Dione,Leavey,dleavey8q@so-net.ne.jp,Qd7pau8DmY
Kally,Lambole,klambole8r@dyndns.org,LDcHgqUi
Genovera,Serot,gserot8s@hao123.com,wjyavYLLqvN
Zena,Bensusan,zbensusan8t@tripadvisor.com,izEpola
Aloysia,Gunthorp,agunthorp8u@samsung.com,SMHQvg
Charity,Garrison,cgarrison8v@bloglines.com,EYkPeL04
Dayna,Challener,dchallener8w@stumbleupon.com,TFK7TEec
Fidelia,Coldtart,fcoldtart8x@nytimes.com,dv9r7xjEve
Kath,Murdie,kmurdie8y@salon.com,IezhKk2v8rp
Granville,Trustie,gtrustie8z@goodreads.com,yShiGst
Blisse,Kubu,bkubu90@digg.com,zZxnlG
Rowney,Ridhole,rridhole91@intel.com,BsLXfuw679IW
Amara,Titford,atitford92@sitemeter.com,Le8dzEiH3d
Adrianna,McKeowon,amckeowon93@dell.com,suRYxI5
Sancho,Daveren,sdaveren94@wikia.com,ZhnoOOh
Forrest,Iorillo,fiorillo95@paypal.com,e9I2Wja
Cordi,Cassely,ccassely96@apache.org,xEwsvETOwF
Allix,Clampe,aclampe97@auda.org.au,cJkmOiF
Haywood,Kirkland,hkirkland98@symantec.com,T4oodhY2
Kelsi,Danilin,kdanilin99@google.co.uk,MKbZqWlvH
Sharl,Bezant,sbezant9a@ed.gov,YmmC571xA
Krissie,Epilet,kepilet9b@narod.ru,jBdHyFuPpZA0
Gratiana,Grece,ggrece9c@uol.com.br,ADF3o0cRv
Marline,Lillico,mlillico9d@marriott.com,HqhpJEEfFJWS
Onfre,Michin,omichin9e@ovh.net,cLCS5Y6buzL
Ryon,Gilroy,rgilroy9f@php.net,VDAAwO
Lin,Dary,ldary9g@mtv.com,erM8IURxZ
Waly,Biaggiotti,wbiaggiotti9h@blog.com,6m6FLimRET0
Danny,Diess,ddiess9i@artisteer.com,CSNq3Qu
Lara,Whiteoak,lwhiteoak9j@ovh.net,38pvNPwMPv
Adrea,Spurge,aspurge9k@symantec.com,olCCiRaWe4Nt
Aili,Maingot,amaingot9l@squarespace.com,u8p5I835eGoQ
Nev,Brodest,nbrodest9m@bloglovin.com,hyw1cWq
Logan,Heartfield,lheartfield9n@tmall.com,j6bm9Sp
Allix,Salack,asalack9o@digg.com,venIlI
Marco,Bagger,mbagger9p@zdnet.com,aq4S3UQe
Heath,Dewett,hdewett9q@independent.co.uk,4f8eQ5O9NXW
Sada,Behn,sbehn9r@squarespace.com,S241LdA
Minnie,Winman,mwinman9s@wordpress.org,gkTGDk1
Dulcy,Tibb,dtibb9t@scribd.com,iQufIqx2c
Newton,Fayerman,nfayerman9u@sina.com.cn,0D4eFvqfe
Thatcher,Champney,tchampney9v@alexa.com,yDjH30i
Pearline,Dimock,pdimock9w@vimeo.com,nAvkYfAvmJR
Dall,Burnall,dburnall9x@wisc.edu,UtTyIjLpdg
Renato,Almond,ralmond9y@gnu.org,EFVBBLTK34t5
Dolorita,Roderigo,droderigo9z@smh.com.au,3fmbDw
Laney,Faltskog,lfaltskoga0@4shared.com,zUwIja1LttaQ
Lexine,Hammatt,lhammatta1@storify.com,R0yomCGSP
Danyette,Yukhov,dyukhova2@sakura.ne.jp,2ErEYuCMK
Ruby,Brumham,rbrumhama3@technorati.com,0pOLUbHfr
Shadow,Spurrier,sspurriera4@so-net.ne.jp,GFdLzej
Eben,Redpath,eredpatha5@huffingtonpost.com,93tkkp
Morgun,Gouldie,mgouldiea6@hibu.com,Xx57gU
Poul,Billingsley,pbillingsleya7@xrea.com,zXkWVsZdxx
Arte,Tardiff,atardiffa8@zimbio.com,NRwN6odrcuoJ
Nestor,Kale,nkalea9@hc360.com,IYVllSPh
Julina,Saltwell,jsaltwellaa@zdnet.com,bfUH0zJOOmI
Deni,De la Yglesia,ddelayglesiaab@wired.com,QkyKDvmpJL
Spence,Jeannet,sjeannetac@seattletimes.com,4joAzYx
Nelson,Worg,nworgad@foxnews.com,SNI4JwK
Roderick,Bull,rbullae@wikispaces.com,9SgQBbwkZ
Adelbert,Linskill,alinskillaf@google.ru,0j0mIYPlh1
Ase,Smooth,asmoothag@hatena.ne.jp,YVfK2eaz7
Mollee,Di Francesco,mdifrancescoah@ehow.com,rIbwTbzQmy
Feliza,Schimonek,fschimonekai@springer.com,SyNPbZr
Kiah,Peel,kpeelaj@altervista.org,zMC1ed
Doris,Ganforthe,dganfortheak@amazon.com,611o5NDhY
Laurette,Skilbeck,lskilbeckal@networksolutions.com,cgIYrkcwhl
Collete,Van den Velden,cvandenveldenam@aol.com,5uVBNB
Natalina,Boulding,nbouldingan@topsy.com,faNu7z7yb
Willem,Breakspear,wbreakspearao@squidoo.com,9yXRK2m
Gray,Fairlem,gfairlemap@discovery.com,XDQBJdblf
Nerita,Watchorn,nwatchornaq@upenn.edu,hZK5eDlWIB4
Portia,Cowern,pcowernar@skype.com,bnIlWOcp6
Janela,Coales,jcoalesas@pbs.org,InYHyRw
Mina,Robus,mrobusat@house.gov,RO40niMzh
Maye,Tarbin,mtarbinau@skyrock.com,OO9ot8FOw
Del,Rushmer,drushmerav@google.it,RhiW56DgzJqv
Karlene,Bawcock,kbawcockaw@miitbeian.gov.cn,XNBmTThGO98g
Yanaton,Deeson,ydeesonax@over-blog.com,CE3FIbtWISf
Yettie,Ould,youlday@eventbrite.com,I7In01
Lanni,Muino,lmuinoaz@webs.com,YJiqIVI
Thorny,Firpo,tfirpob0@hao123.com,hn2YXt
Odele,Goldfinch,ogoldfinchb1@prnewswire.com,Zj7GQVClD0LV
Hetty,Rakes,hrakesb2@wikimedia.org,KtxYok3Dw
Maxwell,Ivantsov,mivantsovb3@sitemeter.com,3wLGrCEL6
Morgan,Bilbee,mbilbeeb4@alibaba.com,mObuml
Kalvin,Doge,kdogeb5@github.io,P26jXun
Allen,Ruzek,aruzekb6@e-recht24.de,J6RPnHgglcS
Lanna,Lovewell,llovewellb7@mozilla.org,PxqkbzTuM3
Rufe,Loeber,rloeberb8@redcross.org,SuAezbxdntir
Niki,Younger,nyoungerb9@nytimes.com,bSfO2rA
Madelon,Dolan,mdolanba@studiopress.com,VK61Id9T
Derward,Eaden,deadenbb@sun.com,FTFG3B
Mag,Follin,mfollinbc@huffingtonpost.com,q5z1Ivb1
Lazar,Daughtrey,ldaughtreybd@state.tx.us,dbFvUP
Andy,Brisson,abrissonbe@sakura.ne.jp,YwiKBv6QSTHI
Emmott,Coots,ecootsbf@furl.net,uMgGvr
Roanne,Djordjevic,rdjordjevicbg@tuttocitta.it,rfBFZy2
Dominik,Ginie,dginiebh@senate.gov,fGPIiaf
Eliza,Rapport,erapportbi@artisteer.com,TVsOv7Sr
Kissiah,Pohl,kpohlbj@clickbank.net,35Bz8hU
Darell,Izakov,dizakovbk@gizmodo.com,JWYh1LTsa8
Jillie,Dargavel,jdargavelbl@ning.com,e86zcYTsj
Joyce,Wethered,jwetheredbm@phoca.cz,cDctt7c1wP
Tate,Cazin,tcazinbn@mozilla.org,wf847yp
Genna,Doggerell,gdoggerellbo@gravatar.com,tEmvIu
Jorey,Strasse,jstrassebp@eepurl.com,OJM66WnYirfm
Pattie,Fitch,pfitchbq@blogs.com,dMmJMR
Allie,Bluett,abluettbr@google.ru,9QnqGsGf
Brynna,Halford,bhalfordbs@ed.gov,I4VQqBf6DQaq
Flory,Dunphie,fdunphiebt@dedecms.com,PrmHPSh
Benson,Bonick,bbonickbu@miibeian.gov.cn,6j8Fp3A4TC
Inger,Whitmore,iwhitmorebv@shinystat.com,CBrcPfvZA
Marietta,Kaser,mkaserbw@cisco.com,8JvrAWG
Ivory,Lysaght,ilysaghtbx@tinyurl.com,ffD7pmAgqMV
Marchelle,Whooley,mwhooleyby@vinaora.com,T9D5MyWj
Demetra,Smooth,dsmoothbz@histats.com,oi4PJkW
Marya,Pactat,mpactatc0@umich.edu,yAtZBZW
Ludovico,MacClay,lmacclayc1@friendfeed.com,uCdVU17pe
Pattin,Pachta,ppachtac2@over-blog.com,cTqHh6n2DUd
Gretchen,Wilsone,gwilsonec3@cocolog-nifty.com,JIZytouuast
Lammond,Gayle,lgaylec4@gravatar.com,TsZQapo
Baryram,Saban,bsabanc5@phpbb.com,I540MGpA
Berty,Endrici,bendricic6@nps.gov,aNh0GuuFwEy
Tammie,Lowfill,tlowfillc7@biblegateway.com,bRDJRTsG0
Myron,Walton,mwaltonc8@amazon.de,Di9UdwZ9r
Pat,Orleton,porletonc9@furl.net,9bUiIUxIyin
Peri,Yakebovitch,pyakebovitchca@army.mil,HHeRmu
Velvet,Beadles,vbeadlescb@un.org,vV6hML8CPL
Jerald,O' Borne,jobornecc@usnews.com,5NS2l2
Ethelin,Jaszczak,ejaszczakcd@gizmodo.com,XJ6YpXlSx
Genny,Batters,gbattersce@hud.gov,bN5FGipzLsJy
Ralina,Fritzer,rfritzercf@phpbb.com,NQ123pATZWQ
Lucien,Maling,lmalingcg@cbsnews.com,Pn2eyf
Berna,Sailor,bsailorch@nydailynews.com,XnPxHM9
Prudence,Pinn,ppinnci@ihg.com,SRtZrZSeEfXM
Sherry,Childes,schildescj@wufoo.com,wdHacXIc6fAR
Stearn,Mildmott,smildmottck@msn.com,YenyTjycn3h
Kevan,Vanstone,kvanstonecl@engadget.com,OfuIvQFDN
Mahala,Sails,msailscm@businesswire.com,RTDo21tZR
Smith,Drewitt,sdrewittcn@bigcartel.com,MCEid1DV
Pammi,Larwell,plarwellco@soup.io,shpT1J
Atalanta,Muris,amuriscp@theglobeandmail.com,wOmsAFOqxJ
Delmore,Loche,dlochecq@biblegateway.com,fkDrzosDgHy
Shelba,Domelaw,sdomelawcr@eventbrite.com,WStHSvGgAOY
Travis,Isaaksohn,tisaaksohncs@howstuffworks.com,xsydoCT3
Regan,Spieght,rspieghtct@mlb.com,tfwhFC2W1s6h
Micaela,Beadham,mbeadhamcu@simplemachines.org,FcSsjbkr
Ealasaid,Dollen,edollencv@friendfeed.com,hHyoHiI448pB
Faythe,Ludman,fludmancw@squarespace.com,ioNKQp
Tamara,Johanning,tjohanningcx@umich.edu,md0e0lkkhDCA
Haily,Wixon,hwixoncy@themeforest.net,wWUJsFECwq7
Fredia,Loader,floadercz@google.es,bDoaGNjFVqR
Nealy,Connaughton,nconnaughtond0@noaa.gov,5TUt7Gjr2F6
Portia,Nicely,pnicelyd1@tripadvisor.com,iakVOyXAz
Aloise,Powell,apowelld2@twitpic.com,ARk9bJlcSp
Kinnie,Hutley,khutleyd3@nhs.uk,QKhIMm
Katrine,Wingate,kwingated4@blinklist.com,uDE8k8
Delinda,Moehle,dmoehled5@a8.net,m9mh2SCYZe
Maud,Schultze,mschultzed6@over-blog.com,Ph0PN6CI8FH
Dee dee,Doerren,ddoerrend7@weather.com,gRDS0A
Stefania,Mallion,smalliond8@epa.gov,mPtovAZ6
Anatollo,Panswick,apanswickd9@i2i.jp,PWuROkbPCq9g
Mikael,Huebner,mhuebnerda@xrea.com,CtzY6Q4k8je
Ernaline,Itzchaki,eitzchakidb@xing.com,Fd9C6qnKprTv
Ludvig,Stubbins,lstubbinsdc@booking.com,iBXUAXog
Ellyn,Daviddi,edaviddidd@geocities.com,USJR0SW
Anastassia,Careless,acarelessde@go.com,coxpIt
Padraic,Bisiker,pbisikerdf@w3.org,S5oq2G3kw
Lucine,Pennick,lpennickdg@ycombinator.com,6bILQp9F2mPM
Davida,Feedham,dfeedhamdh@reverbnation.com,FfPBHFGYvg
Linnell,Newe,lnewedi@weibo.com,TRqXOmgH0ox
Bridgette,Giraudou,bgiraudoudj@usnews.com,7NBRLc
Milt,Moehle,mmoehledk@oaic.gov.au,iiW7QYYexY
Alexina,Clericoates,aclericoatesdl@fc2.com,4TwvNaiR
Amalia,Seally,aseallydm@usgs.gov,tqkWLM
Delano,Cino,dcinodn@latimes.com,gCkWvHK2l3
Elmer,Pinchen,epinchendo@archive.org,7Wsd6cjCDVR
Gilberto,Roggieri,groggieridp@ucsd.edu,7jWqP2
Glynnis,Youtead,gyouteaddq@cornell.edu,mXd6j3Dxnw
Grantley,Lemmon,glemmondr@engadget.com,nfpt0LAe
Dorey,Shanklin,dshanklinds@dagondesign.com,B89ifFo4g
Giulia,Ciccarelli,gciccarellidt@wordpress.org,JLBhEgh
Maudie,Skule,mskuledu@twitter.com,zImrZGRIWl
Adelheid,Hauck,ahauckdv@state.tx.us,SUP9NvIb6b
Sherm,Mapplethorpe,smapplethorpedw@telegraph.co.uk,BgSCk5MDZbX
Aleece,Seabrocke,aseabrockedx@un.org,sluv7HSiS7
Elicia,Itzhayek,eitzhayekdy@slashdot.org,XP7Fr5
Lu,Arden,lardendz@livejournal.com,LkqEWTAA3h
Leoine,Rekes,lrekese0@yellowpages.com,zo2yX3
Trix,Rowlson,trowlsone1@spiegel.de,JEZqCw
Puff,Darton,pdartone2@si.edu,X5aXQCpBR3yy
Evy,Linch,elinche3@nature.com,FTUum6Bp79
Danila,Lautie,dlautiee4@telegraph.co.uk,CeLzfVgsYv
Gene,Ribou,griboue5@answers.com,axFZ0ygU
Ilise,Proudman,iproudmane6@ftc.gov,J9t2tkngCatk
Willow,Dawley,wdawleye7@123-reg.co.uk,Ze2dXl4H3D
Diandra,Dzenisenka,ddzenisenkae8@ning.com,ub7fOAO
Nils,Hartzenberg,nhartzenberge9@stumbleupon.com,AiuJX56bp
Tiffy,Eshmade,teshmadeea@csmonitor.com,nVns8R0
Clo,Swanger,cswangereb@twitpic.com,o5xQXYqVBqIh
Craig,Malthouse,cmalthouseec@google.com.hk,YqcgAmB2pC
Niels,Eddicott,neddicotted@friendfeed.com,0l507LTYRwX
Dilan,Reijmers,dreijmersee@ibm.com,kkrn8aZ93rM
Launce,Weston,lwestonef@yelp.com,WhLqFW
Brade,Rubinshtein,brubinshteineg@patch.com,kT5CbYBlbl
Dyann,Mullane,dmullaneeh@blinklist.com,DOmxCZInAg8
Kissiah,Cowgill,kcowgillei@upenn.edu,lMgOqaIFI
Codee,Copley,ccopleyej@reference.com,K7xfgHP
Adoree,Depke,adepkeek@princeton.edu,rQRdIRb5
Susana,Fleg,sflegel@twitter.com,Ps0dOC
Pietro,Murra,pmurraem@purevolume.com,0OTr2Qq
Sorcha,Cavalier,scavalieren@sogou.com,ftuUPw
Rowland,Hainge,rhaingeeo@admin.ch,elsZRzqj
Jerrilyn,MacCracken,jmaccrackenep@umn.edu,o3O1P0rzQs
Nona,McDavid,nmcdavideq@senate.gov,oMabEJt302X6
Gunar,Guilleton,gguilletoner@webeden.co.uk,QnQZGoSE1
Rodina,Bridgens,rbridgenses@patch.com,8x4gbRmadHUq
Ruprecht,Plom,rplomet@hibu.com,iBLnDod42
Osbourn,Bartalot,obartaloteu@vk.com,C5HD9n5f4As
Leland,Gingles,lginglesev@hatena.ne.jp,rICxDBHI4
Allx,Baverstock,abaverstockew@mlb.com,M12T4eV
Alick,Goney,agoneyex@google.com.au,zakoAZ
Filip,Graalman,fgraalmaney@indiegogo.com,78g1cKCy
Rowney,Castagnier,rcastagnierez@multiply.com,eYdxH53tiKWe
Terence,Stenner,tstennerf0@themeforest.net,52qvba3
Harriette,Bottelstone,hbottelstonef1@cloudflare.com,9LjuOSYV
Cloris,Vasyuchov,cvasyuchovf2@shareasale.com,A52mqV5cbT
Myrta,Spurdens,mspurdensf3@histats.com,o3uMaFBUn44
Lori,Nann,lnannf4@meetup.com,cjCxsT
Muire,Symington,msymingtonf5@dagondesign.com,lXaW3GPKc
Forrest,Sheilds,fsheildsf6@nbcnews.com,2nlEJFOb
Inglebert,Von Hindenburg,ivonhindenburgf7@utexas.edu,P1c9sn
Livvyy,Leaney,lleaneyf8@uiuc.edu,6WzrqzQj
Terri-jo,Siggs,tsiggsf9@eepurl.com,l4w3jXqO
Bonnie,Rubenczyk,brubenczykfa@scientificamerican.com,2a36bpE
Garek,Frith,gfrithfb@noaa.gov,lxo2nl16YCo1
Lotti,Kester,lkesterfc@blogs.com,fFSjma
Land,Sewards,lsewardsfd@usatoday.com,IJUAcdg
Dov,Dyer,ddyerfe@pagesperso-orange.fr,GbzL6tnC
Ruth,Richarson,rricharsonff@dion.ne.jp,1tEu2d4Nf
Ernaline,McQuin,emcquinfg@engadget.com,Yytaoq73Wc
Brenda,Cardo,bcardofh@unesco.org,Z7EN1EOXYpQp
Mireielle,Gwilliam,mgwilliamfi@ebay.co.uk,Ugh8Lu
Charlton,Tellenbrok,ctellenbrokfj@taobao.com,ITnXDB
Hermione,Rimmington,hrimmingtonfk@newyorker.com,sveoBFCsGG
Lanette,Oldfield,loldfieldfl@weebly.com,mvV8Ru5jy6
Sydney,Utley,sutleyfm@addthis.com,RwCVD8
Kyrstin,Frith,kfrithfn@nps.gov,83LUpNeAjJ
Wally,Giacopazzi,wgiacopazzifo@tinyurl.com,okTUxq
Mel,Nehls,mnehlsfp@arstechnica.com,B8Ftlr0m
Adeline,Isworth,aisworthfq@diigo.com,ApOQ04
Celine,Fonquernie,cfonquerniefr@china.com.cn,4vMixwYD64a
Robert,Tindall,rtindallfs@vimeo.com,fCxziA
Toni,Barthrup,tbarthrupft@sakura.ne.jp,ra76tNNs
Tuesday,Denial,tdenialfu@princeton.edu,Nb2F7IQ
Arlena,Likly,aliklyfv@issuu.com,pVJopTBpaW
Viviene,Meachem,vmeachemfw@ca.gov,pPRxiMHbf
Jillayne,Trevaskiss,jtrevaskissfx@nhs.uk,03uVf9s
Blancha,Piburn,bpiburnfy@ifeng.com,ZCjOo2SrhKas
Yolanda,Rotge,yrotgefz@nbcnews.com,OR5T5yr
Aguie,Bellin,abelling0@aboutads.info,zhFcna
Christoforo,Rebanks,crebanksg1@dedecms.com,tFYRTCmYG4dW
Peri,Fidge,pfidgeg2@php.net,HrVgNLmKnFu
Dotti,Adame,dadameg3@globo.com,Lj2ey5OX
Rowena,Inglis,ringlisg4@stumbleupon.com,ykPh7hlJHel
Gary,O'Hartnett,gohartnettg5@mit.edu,SVcUzvz8Snxf
Anett,Thorlby,athorlbyg6@mapquest.com,Hj6rcK2SzZOS
Lora,Duff,lduffg7@omniture.com,S5s3Ofadypht
Lew,Espinosa,lespinosag8@nhs.uk,lfQl5PweMVAO
Trever,Duckfield,tduckfieldg9@eventbrite.com,lxnRci4WIZ
Melli,Bravington,mbravingtonga@purevolume.com,11cQQxdD9
Merl,Walburn,mwalburngb@pagesperso-orange.fr,FaftjxmZj
Rooney,Macey,rmaceygc@princeton.edu,guCVBqL
Janith,Jeste,jjestegd@patch.com,rEI59suxe8Ej
Tommie,Keyho,tkeyhoge@com.com,z2KUz0MAxF1
Alexi,Peyntue,apeyntuegf@twitter.com,0H7sVoIpqgxt
Robbin,Leathes,rleathesgg@dailymotion.com,X5wi0UmIO
Allina,Ozelton,aozeltongh@angelfire.com,deN5n8h
Gottfried,Britt,gbrittgi@godaddy.com,61J2YOTUk
Lincoln,Waylett,lwaylettgj@scientificamerican.com,zdxZ0Uk98ks
Tabbie,Burnhams,tburnhamsgk@163.com,YdLPIv7a
Helenelizabeth,Saull,hsaullgl@vistaprint.com,SJlntAY
Coriss,Hardes,chardesgm@wired.com,SfKxf1oQ
Dedra,Philp,dphilpgn@google.com.hk,UMrKhWLPbVkG
Felicle,Dogerty,fdogertygo@nih.gov,D5Z8Cuxt1
Kristin,Edgar,kedgargp@sogou.com,AHBoLxbQ0
Ara,Hobble,ahobblegq@clickbank.net,4tEzxlHXk
Marta,Arnaez,marnaezgr@desdev.cn,9z5cWzlGG
Lorenzo,Stetlye,lstetlyegs@sitemeter.com,sdcCb6nSK
Benji,Benzies,bbenziesgt@fema.gov,KjZo4chgIIX
Foss,Bagger,fbaggergu@umich.edu,DQxktDlo2QzH
Victoria,Thirlaway,vthirlawaygv@sun.com,QUmY8PSQHDj
Alf,McKellar,amckellargw@woothemes.com,4UrEe9sGEpx
Andie,Lynthal,alynthalgx@census.gov,IXlQfyyIF02
Yvor,Fiddler,yfiddlergy@addthis.com,BOYdKctH9
Flory,Leathart,fleathartgz@yolasite.com,AONTF6ABQ
Beryle,Hattam,bhattamh0@clickbank.net,gz2Ay2gzES9u
Monica,Hutchason,mhutchasonh1@yellowpages.com,pg4pitHxFx1
Mireielle,Saffran,msaffranh2@usda.gov,NFJqPn
Victor,Guttridge,vguttridgeh3@senate.gov,E4QSGL38m7
Vaughan,Syseland,vsyselandh4@com.com,FrJmUaOKmny
Adan,Partridge,apartridgeh5@blog.com,jwqGk5t3L
Langsdon,Seabon,lseabonh6@usatoday.com,icot4xG
Berenice,Grayer,bgrayerh7@vkontakte.ru,s4WJx79a4I
Ardis,Crecy,acrecyh8@fastcompany.com,E0glAU963G1m
Nehemiah,Bandy,nbandyh9@posterous.com,H2Gq6FN
Lenore,Antoniou,lantoniouha@webeden.co.uk,5eh74e9P9u
Blakeley,Greggs,bgreggshb@w3.org,Yjd6myVq
Bernardina,Lindeman,blindemanhc@deviantart.com,wetlObVur
Calida,Brasher,cbrasherhd@elpais.com,tyZ3urbPT6
Ferguson,Flann,fflannhe@feedburner.com,qOf6VgUt
Tobe,Jentzsch,tjentzschhf@washington.edu,qRH0VKrGouw
Erwin,Wippermann,ewippermannhg@bloomberg.com,FeuXcu0DlSo
Monty,Gatchell,mgatchellhh@ustream.tv,w01zSA
Debora,Whaymand,dwhaymandhi@un.org,pXGcb7
Mariejeanne,Braybrookes,mbraybrookeshj@kickstarter.com,d1h56BAOljzj
Ranice,Lie,rliehk@sbwire.com,rV2JXDqZnyz
Susan,Pocke,spockehl@shutterfly.com,l5oXq5Csqqr
Garvey,Osman,gosmanhm@chronoengine.com,E34NzspnG
Kimberley,Muspratt,kmuspratthn@loc.gov,1hT5EKj8Fr
Annmaria,Scutchings,ascutchingsho@netvibes.com,HTsbM6HUd
Harwell,Doddemeade,hdoddemeadehp@friendfeed.com,Yimr1gX6
Shelbi,Tschursch,stschurschhq@wunderground.com,HFd0w5TvLbvW
Coral,Gentric,cgentrichr@psu.edu,7nDq5g
Colene,Garside,cgarsidehs@ehow.com,jaZJDp65aEY
Laverna,Abramow,labramowht@wix.com,QdBJKJS5cSCA
Franklin,Ledington,fledingtonhu@jiathis.com,DoXM7FO29
Lola,Bard,lbardhv@lulu.com,TS8rfXUZt5jz
Hannis,Vasquez,hvasquezhw@bizjournals.com,2hPQWg
Joli,Dibnah,jdibnahhx@sina.com.cn,uZkZVJ5TfW
Abner,Penniall,apenniallhy@google.com.br,54CbcQwwy9P
Berti,Wooles,bwooleshz@fastcompany.com,0WvWkx5x
Rog,Casely,rcaselyi0@sfgate.com,UhnV4V
Cinda,Hubach,chubachi1@a8.net,biCRWTR9z
Queenie,Binton,qbintoni2@whitehouse.gov,ou01HzC4vW8
Aldridge,Springle,aspringlei3@vinaora.com,Q0ycJ5XLo0O
Madelena,Bramhill,mbramhilli4@nhs.uk,HmRCbD1eEUo
Haze,Aldins,haldinsi5@reddit.com,FBKJELjbFW
Ellis,Houten,ehouteni6@globo.com,AZ6HGuO7eR
Jada,Sammon,jsammoni7@bloomberg.com,rPXorUYXA1v
Gwendolin,Kenninghan,gkenninghani8@sakura.ne.jp,C7sN5i
Allan,Moppett,amoppetti9@storify.com,75PYeNaMl
Nestor,Castellet,ncastelletia@digg.com,WknqX9u1Ws
Rabbi,Woolstenholmes,rwoolstenholmesib@example.com,ttUAtEO
Waverley,Ianno,wiannoic@4shared.com,0rdyyjbdDW
Mellisa,Bonfield,mbonfieldid@uol.com.br,klmh0GEHEqp1
Celinka,Trevithick,ctrevithickie@amazon.de,8ThdbNr
Carolyne,Verman,cvermanif@auda.org.au,p3VjXD6V
Derril,Sperring,dsperringig@mlb.com,jweG0Ek0K
Perrine,Lote,ploteih@fc2.com,Y9KF4U
Faustine,Lowbridge,flowbridgeii@army.mil,oHbzSx
Giffard,Kennicott,gkennicottij@hp.com,QTxhjaufV
Jonis,Durrans,jdurransik@wikipedia.org,eIR29C
Farris,Dand,fdandil@fotki.com,OtZhQHgIS
Harman,Alldridge,halldridgeim@acquirethisname.com,0Y7Jwh
Aylmer,Banville,abanvillein@cnet.com,fvV5RH
Thatcher,Stevens,tstevensio@google.cn,VOMpOs3rHmHs
Clayson,MacColm,cmaccolmip@chicagotribune.com,6sZCVkDjZFI
Tucker,Jenk,tjenkiq@go.com,xVoymnNT1UT
Cynde,Gouldeby,cgouldebyir@domainmarket.com,mJdp7W
Leia,Beaudry,lbeaudryis@hc360.com,TgCQEW
Nadean,Archley,narchleyit@exblog.jp,cYrSp5
Cindelyn,Giovanetti,cgiovanettiiu@techcrunch.com,fI0QfT2P
Belva,Quarry,bquarryiv@disqus.com,tJJZaAb2m
Vilma,Worsnop,vworsnopiw@wiley.com,a48z8Mq
Erhart,Rummings,erummingsix@unesco.org,oVgPtpo
Lisha,Aucutt,laucuttiy@desdev.cn,1sFaRCFFq
Martyn,Cable,mcableiz@bbb.org,TfHEN5tF3A
Gregorio,Jindracek,gjindracekj0@geocities.jp,suSk7qE
Morse,Brophy,mbrophyj1@nyu.edu,vehJOq
Adriano,Wildblood,awildbloodj2@hatena.ne.jp,EZUjBj2W
Tanny,Gisbey,tgisbeyj3@joomla.org,iD9euhmS3aOY
Viv,Thomann,vthomannj4@nifty.com,U1u3wL19FX
Killy,Ninotti,kninottij5@who.int,n3dPo8e2I5M
Peggy,Wardhough,pwardhoughj6@cloudflare.com,ddJgDzBLzC
Ethelin,Wigglesworth,ewigglesworthj7@timesonline.co.uk,tibLwfngFtb
Farris,Burmingham,fburminghamj8@newsvine.com,rWH1zVMKUk
Sherman,Beddard,sbeddardj9@infoseek.co.jp,1aBG3T2C87v
Shantee,Domengue,sdomengueja@wix.com,qGoIsiMylkvP
Gwyneth,Marsham,gmarshamjb@hexun.com,IjS07uQs84e2
Wang,Enga,wengajc@ovh.net,HV0ZxKGe7
Sandy,Growy,sgrowyjd@cam.ac.uk,0vQHsxX
Guy,Eblein,gebleinje@alibaba.com,UcruDk
Cleopatra,Munson,cmunsonjf@washington.edu,tqD4tpVXm
Morly,Gotecliffe,mgotecliffejg@twitpic.com,bAiPaV6R4
Bennett,Scorthorne,bscorthornejh@cmu.edu,pmTuu8Zo
Nye,Serfati,nserfatiji@state.tx.us,784s3Whh0
Nathan,Kliemke,nkliemkejj@meetup.com,zhC5O4I31Vi
Bonnibelle,Bedome,bbedomejk@paypal.com,OlkBOnuU
Eadith,Scotchmore,escotchmorejl@acquirethisname.com,oM4bmxUu8z5
Eduino,Cherm,echermjm@xinhuanet.com,tvAm8Xkjp
Bordy,Viste,bvistejn@hexun.com,wZzaVy2hx1
Morganne,Stockoe,mstockoejo@china.com.cn,Pvtq09mO2Xd
Krystalle,Krauss,kkraussjp@bigcartel.com,BaH6rv5DSwj8
Maxy,Pamment,mpammentjq@paginegialle.it,yOaiuD4qS
Venita,Bonnor,vbonnorjr@over-blog.com,BbiWNku
Tobias,Speller,tspellerjs@china.com.cn,ATndz9EnP
Alwyn,Jerwood,ajerwoodjt@nih.gov,KXk7GcleW
Kiele,Wellbeloved,kwellbelovedju@about.com,6VF8dXXd
Vance,Melwall,vmelwalljv@arstechnica.com,NxgqyAA
Martin,Cusiter,mcusiterjw@theatlantic.com,yHUc5hoI6Oq
Jolene,MacAfee,jmacafeejx@blog.com,YWkRO2y
Colby,Lohan,clohanjy@storify.com,AgAOZG
Sheelah,Leamon,sleamonjz@soundcloud.com,26Mqcnb
Letisha,Devil,ldevilk0@macromedia.com,EYoAsR2
Garrott,Heephy,gheephyk1@howstuffworks.com,ke3BL9nVPTd
Natalie,Antonov,nantonovk2@1und1.de,Ac8d6QKI
Dorey,Arstall,darstallk3@g.co,Hd6ACnq
Pen,Wontner,pwontnerk4@opensource.org,LKklYo
Averil,Decker,adeckerk5@gov.uk,hltHh97
Meridith,Dugan,mdugank6@fotki.com,AS0OQdVW
Dirk,Wilkins,dwilkinsk7@hexun.com,PL6f6cev
Glynis,Satterly,gsatterlyk8@xing.com,5Zph6tO
Yetta,Aiers,yaiersk9@myspace.com,JA28ZoVp
Dana,Steanson,dsteansonka@slate.com,hg1FOek7p8C
Godfrey,Paolini,gpaolinikb@wikipedia.org,wilXkfs
Anthe,Truitt,atruittkc@seesaa.net,7rb40gs
Chancey,Babst,cbabstkd@blogtalkradio.com,A7h2Moymxi
Willis,Devericks,wdeverickske@dropbox.com,Q2ZIbiRdxH
Beret,Brumfield,bbrumfieldkf@abc.net.au,tx9ubZtoX
Benedicta,Kinchlea,bkinchleakg@cnn.com,IKQCDdeC3
Todd,Halwood,thalwoodkh@goodreads.com,YyIrLX
Dar,Rosier,drosierki@meetup.com,l8hpbovJR
Forest,Kemmish,fkemmishkj@stanford.edu,mHhbajehoCM
Thalia,Betham,tbethamkk@purevolume.com,ejPemkpi7
Ashley,Filan,afilankl@topsy.com,k4DZJDz4JJvX
Steffane,Kineton,skinetonkm@zimbio.com,yLMxiV
Ailee,Mendel,amendelkn@weibo.com,8ZXs8wjQaDRr
Dinah,Hansana,dhansanako@digg.com,WnEi7CDM5
Charleen,Burleton,cburletonkp@1688.com,TeqygJM
Giffy,Friary,gfriarykq@loc.gov,xzO6cakfy
Man,MacCracken,mmaccrackenkr@reference.com,q716i74qnLn
Helenelizabeth,Tremayle,htremayleks@ameblo.jp,HTTxLFUMMLcb
Basil,Tims,btimskt@oaic.gov.au,V2uNaoBQkJ
Braden,Rist,bristku@usnews.com,qN2Skb
Berny,Ivshin,bivshinkv@reddit.com,54mw5kyhKCiB
Reuven,Chewter,rchewterkw@geocities.jp,tiIqUsIN8keR
Lisbeth,Brightwell,lbrightwellkx@topsy.com,kb3iuOYHi
Velvet,McCawley,vmccawleyky@issuu.com,D2BrT3P
Bethanne,Sonley,bsonleykz@zimbio.com,q766lZMlK
Nikki,Vereker,nverekerl0@github.io,KCCQydQ2hUd
Dino,Lodewick,dlodewickl1@uol.com.br,db7T9FKEA
Clotilda,Hazelton,chazeltonl2@npr.org,oOk0jzHg0
Brigid,Kubek,bkubekl3@netvibes.com,6YCZUtn
Brinna,Kalinke,bkalinkel4@t.co,Yun8rmvd
Vince,Coultard,vcoultardl5@clickbank.net,lPA1oqv
Ardella,Grzegorzewski,agrzegorzewskil6@princeton.edu,90EWF8imVR4
Jerrine,Findlater,jfindlaterl7@blogspot.com,iDms2m
Stephan,Killcross,skillcrossl8@booking.com,FXEVITG
Evaleen,Edgeson,eedgesonl9@list-manage.com,L09vphW3KW
Gertrudis,Ponte,gpontela@youku.com,nirzEXdr
Carla,Haggeth,chaggethlb@answers.com,vnWS9C8Az
Malinda,Papez,mpapezlc@so-net.ne.jp,XGlFNk7c
Haven,Opy,hopyld@miibeian.gov.cn,LbbsZkytbl
Marietta,Snowman,msnowmanle@gnu.org,hybZKZHb
Ogdon,Ioannou,oioannoulf@mlb.com,N30JBM23pi
Dory,Shoulder,dshoulderlg@npr.org,cpMDa61ce
Moyra,Angier,mangierlh@blog.com,eJHVzDI
Shelley,McCrory,smccroryli@uiuc.edu,MbjBRnJaQ
Ferdy,Fendlow,ffendlowlj@usgs.gov,22Hqkzm59F
Pia,McFater,pmcfaterlk@clickbank.net,t8bcct6n0n7
Ottilie,Kermott,okermottll@addthis.com,zq8wu2p
Roselle,Trazzi,rtrazzilm@godaddy.com,ON61rb
Fidela,Gowenlock,fgowenlockln@wordpress.org,RORaofR
Karlotte,Raper,kraperlo@live.com,yFWOClE5
Nikolas,Heindl,nheindllp@hubpages.com,ifAA2w
Ody,Duddridge,oduddridgelq@sbwire.com,wFEDbNP7p
Bran,Edison,bedisonlr@shutterfly.com,dZqiV8k8
Kristopher,Sweedland,ksweedlandls@newsvine.com,1aEFox
Rube,Dabourne,rdabournelt@huffingtonpost.com,i8XxpDO1F
Maribelle,Duferie,mduferielu@freewebs.com,tRT4msu0L
Abbie,Wyeth,awyethlv@google.fr,A8PJnRHL
Drake,Pyrke,dpyrkelw@hostgator.com,AqaeftBDgm
Stephana,Trueman,struemanlx@hatena.ne.jp,paELdJjih3
See,Mc Gaughey,smcgaugheyly@technorati.com,wfFRyuc6wlzq
Robinet,Lattka,rlattkalz@ezinearticles.com,6nTV32RBlE7
Yvon,Cleland,yclelandm0@moonfruit.com,94ioPP7M
Omar,Marchenko,omarchenkom1@github.com,LEc2FzDyfG4m
Herculie,Stones,hstonesm2@umich.edu,yqeSI5w2y
Rhianna,Franceschino,rfranceschinom3@msn.com,FhErdY
Vaclav,Giamo,vgiamom4@newsvine.com,qFAQW5
Jeanne,Mamwell,jmamwellm5@mashable.com,d1d9kTUB
Carleen,Kitchiner,ckitchinerm6@who.int,ry2cTAabgd7
Jori,Amberger,jambergerm7@howstuffworks.com,waqGrD5YKVSS
Anstice,Eck,aeckm8@wiley.com,WXdYLc
Townsend,Vassay,tvassaym9@scribd.com,HYGB3Hc
Adlai,McPeeters,amcpeetersma@studiopress.com,gk9nzn9vt
Akim,Stairmond,astairmondmb@ning.com,o3Ly4ch9Ctq
Michail,Boseley,mboseleymc@list-manage.com,1TmFvFwsp
Truda,Necolds,tnecoldsmd@devhub.com,Xjn0GP
Jeno,Allcoat,jallcoatme@wix.com,q3VMEl
Midge,Osselton,mosseltonmf@shop-pro.jp,XYHObb3X1EC
Malcolm,Cowans,mcowansmg@naver.com,qXmffcmf
Laurens,Kield,lkieldmh@mozilla.com,5UREJyBRjYBM
Jaine,Lerego,jleregomi@cocolog-nifty.com,9bkIBVAw
Alvera,Ebourne,aebournemj@amazon.de,RJCW3HB
Prent,Hambrick,phambrickmk@slideshare.net,iAVDM7n6mjWJ
Korella,Beckitt,kbeckittml@reverbnation.com,p2jSObEJh1R
Magda,Rosendall,mrosendallmm@hugedomains.com,UPLJg2n
Florence,Grelak,fgrelakmn@nytimes.com,R8QvVI3Hx
Ervin,Mount,emountmo@cmu.edu,t0XJKq
Leyla,Kinig,lkinigmp@upenn.edu,nL4pk56nd
Teddy,Matthewson,tmatthewsonmq@acquirethisname.com,FHra2ZOgE27
Rachele,Hutchcraft,rhutchcraftmr@cdc.gov,NqMHjjcXsA
Thedric,Menlove,tmenlovems@npr.org,R8zPJAL4j
Jacklyn,Lattie,jlattiemt@flavors.me,M5on6Bkrx
Darleen,Rangle,dranglemu@cbsnews.com,ryjpFtBY
Whittaker,Abramsky,wabramskymv@dagondesign.com,GTgOjYVJg
Willy,Croan,wcroanmw@nationalgeographic.com,BA2cLRzimf
Ginger,Yoselevitch,gyoselevitchmx@youtube.com,2nFfFbm5RI
Shirlee,Plaice,splaicemy@bloomberg.com,dMWxASz
Lyman,Meachem,lmeachemmz@blogger.com,7GqKWH8
Simeon,Joriot,sjoriotn0@comcast.net,c3QDoTmjQsb
Coleman,Inseal,cinsealn1@nih.gov,GvNcqH
Lucio,Blackway,lblackwayn2@indiegogo.com,4hoTIG2f
Rahel,Filimore,rfilimoren3@ibm.com,R6vcthrwWss
Gillan,Dugall,gdugalln4@businesswire.com,cSsUokB4
Evangeline,Gocher,egochern5@cyberchimps.com,ps3l8RXz
Gerick,Mundee,gmundeen6@uol.com.br,7mndc6k
Ailyn,Shasnan,ashasnann7@hugedomains.com,KlniKa0G8TB0
Scotty,Wandtke,swandtken8@wp.com,L8AptlZASTI1
Anna,Eakeley,aeakeleyn9@istockphoto.com,fMLq7QG
Jobie,Churchward,jchurchwardna@springer.com,4IVt9v
Cathee,Hadny,chadnynb@vkontakte.ru,Hsjjacs
Edin,Cardenas,ecardenasnc@tiny.cc,f0cZiKLH7
Harmonia,Rubinsztein,hrubinszteinnd@marketwatch.com,7e5x0HD
Netti,Clements,nclementsne@scientificamerican.com,e9cKuXQjmM8K
Jacqui,Hessle,jhesslenf@opera.com,OBMuTvUKv
Lolita,Bodycomb,lbodycombng@who.int,SCM8qnJs2vfH
Cody,Hyslop,chyslopnh@dell.com,nnmZAdK
Tersina,Slaymaker,tslaymakerni@businessinsider.com,RX9KdUdBY
Gaye,Blaskett,gblaskettnj@sciencedirect.com,IcSAVA
Rice,Moyce,rmoycenk@multiply.com,hlOih5xS
Sylvester,Othen,sothennl@eventbrite.com,6tPDGkqOx
Archer,Loadwick,aloadwicknm@mashable.com,alfXjNQ29
Inigo,Corry,icorrynn@yellowpages.com,w13w3tN2ekcw
Sianna,Edis,sedisno@biblegateway.com,NjYguPMiKI9
Vonnie,Rippin,vrippinnp@state.tx.us,ghxGAFj
Shana,Rennox,srennoxnq@imageshack.us,3uiDaFNy3V7
Gloriane,Tollemache,gtollemachenr@newyorker.com,hmf2sj1Ui
Curry,Ivakin,civakinns@t.co,XK26C0Fo8S
Lishe,Hedman,lhedmannt@acquirethisname.com,ehsrx8f8O
Frederich,Slemming,fslemmingnu@thetimes.co.uk,G12Lhy
Torrie,Hewins,thewinsnv@skype.com,lz1aM4
Dix,Reading,dreadingnw@oaic.gov.au,AWakGolvfCKI
Hillary,Whiscard,hwhiscardnx@printfriendly.com,xJ5k2Hb
Aloise,Aberhart,aaberhartny@arizona.edu,g79Mfd
Brier,Ohlsen,bohlsennz@mit.edu,gXpIPPUfKZ
Myrilla,Rubinlicht,mrubinlichto0@purevolume.com,3dvWAIShVqiS
Frank,O'Regan,foregano1@barnesandnoble.com,bIa0q5h
Red,Strass,rstrasso2@cyberchimps.com,PVYTj1m38ZpW
Hermon,Lorrimer,hlorrimero3@thetimes.co.uk,5N9krRGAan
Jude,Dubble,jdubbleo4@elegantthemes.com,EO2N6nscgHF
Alard,Antuoni,aantuonio5@friendfeed.com,f8DCcxplXXO0
Moise,Vigrass,mvigrasso6@lycos.com,urmKh7caxqIO
Erminie,Haberjam,ehaberjamo7@tiny.cc,kVG4Sc
Ronald,Crabb,rcrabbo8@disqus.com,g2WLHW96iXtK
Suzette,Klimowicz,sklimowiczo9@wisc.edu,QF1lk6TS03Iy
Menard,Yell,myelloa@chronoengine.com,0WMQQ4lu
Kalle,Randleson,krandlesonob@sohu.com,d1vE04DrCcg
Tiler,Kiddye,tkiddyeoc@ucoz.com,GUMvhue79d
Elsy,Colten,ecoltenod@newsvine.com,u1ti45LB
Rosalia,Eite,reiteoe@sciencedaily.com,W8ftI7b3S
Earl,Rapport,erapportof@princeton.edu,7AAtSAx
Franny,Peasby,fpeasbyog@nasa.gov,SOqGafofj
Fritz,Radsdale,fradsdaleoh@woothemes.com,bQfWwVHNPT
Kipp,Eicke,keickeoi@ucla.edu,yRf4KsmsL
Elena,Amberson,eambersonoj@illinois.edu,EZoaPUTeXI
Kathie,Drable,kdrableok@hugedomains.com,aK8p2E5
Ly,Meth,lmethol@marketwatch.com,e6ExhA
Kata,Maffioni,kmaffioniom@linkedin.com,gjrPbV6
Nadia,Taffurelli,ntaffurellion@slideshare.net,cE1x9WGZK
Vick,Peter,vpeteroo@posterous.com,lrxbzjLA4ZyR
Effie,Valentin,evalentinop@mapy.cz,UpVphfH
Melodee,O'Brogan,mobroganoq@washingtonpost.com,ipChEJ
Kristoffer,Denisovich,kdenisovichor@fda.gov,VdsuS96E2s2
Gerta,Slateford,gslatefordos@independent.co.uk,EGkiTPGpV
Gunter,Jordi,gjordiot@gmpg.org,Jda8d0NiN72Y
Antone,Sallows,asallowsou@jugem.jp,8dYzzqkhI
Bernardine,Trowl,btrowlov@ca.gov,eeY8QOnRaoog
Beck,Cohen,bcohenow@imgur.com,6XdoSFOA4oCD
Early,Jozsef,ejozsefox@amazon.co.uk,EGEzVL
Rurik,Oakton,roaktonoy@mail.ru,ZXS2Yx
Kelly,Whyborne,kwhyborneoz@wikimedia.org,asgLLbzIq
Kass,McGraw,kmcgrawp0@eepurl.com,63OYR5p2cLD
Brandyn,Boam,bboamp1@wikimedia.org,FUPOFFU
Johannes,Bennington,jbenningtonp2@cdc.gov,f2oXu3xo
Jamison,Coupland,jcouplandp3@shinystat.com,uADNr47
Jeanna,Heild,jheildp4@google.com,onBzCQN5Rk
Rozalin,Rearie,rreariep5@over-blog.com,UgRFg9Viubu
Harper,Deverose,hdeverosep6@state.tx.us,UqXnIH6Hq2W
Nichole,Danigel,ndanigelp7@fc2.com,cKwHtW
Sharlene,Kuhl,skuhlp8@imgur.com,WZrVhq3Ut
Benedikt,Gutman,bgutmanp9@photobucket.com,dqW1zHMw6
Constantine,Alphonso,calphonsopa@list-manage.com,5geY2OyF3Ekq
Constantino,Jeffs,cjeffspb@phpbb.com,YLQowpV
Willabella,Gradon,wgradonpc@alexa.com,GiuD8Df
Kris,Eisikowitz,keisikowitzpd@feedburner.com,XwwNo5cm
Randal,Weedall,rweedallpe@geocities.jp,PsPKzrgGSuo
Antons,Benmore,abenmorepf@uiuc.edu,Vz9ohuUoj5l
Chere,Guterson,cgutersonpg@reddit.com,9bYXX0
Mickey,McDonnell,mmcdonnellph@patch.com,UNpNkVM0E8O
Renata,Beddoes,rbeddoespi@etsy.com,BwzLsba52
Ced,Ygou,cygoupj@fema.gov,H4d5IOI8
Artair,Jerdan,ajerdanpk@adobe.com,LYUvSP
Derwin,Jansey,djanseypl@sakura.ne.jp,gfHjwq2
Shay,Steeples,ssteeplespm@flickr.com,jaauB19
Dari,Wedlake,dwedlakepn@wikipedia.org,pNbkEhKPumh
Bobinette,Herries,bherriespo@bbc.co.uk,HPAlYLOkK
Emory,Abbs,eabbspp@bizjournals.com,DvIbrHY
Janie,Cicchelli,jcicchellipq@tiny.cc,ELoUWUymY
Herminia,Benduhn,hbenduhnpr@cnet.com,lckP1R
Lemmy,Duffil,lduffilps@businesswire.com,UmvLHs
Gayle,BURWIN,gburwinpt@desdev.cn,k42qoRIGuA
Sarene,Telezhkin,stelezhkinpu@cocolog-nifty.com,Y8Vt01
Mano,Borrows,mborrowspv@goodreads.com,csWBgo
Madlen,Stolli,mstollipw@xrea.com,K9UwSnp
Kelsey,Woodyer,kwoodyerpx@mail.ru,lfvWVS
Jenna,Twigley,jtwigleypy@dmoz.org,jdLms9KyvOhn
Darcy,Taggett,dtaggettpz@taobao.com,oDMdUQnR2sv
Aura,Radin,aradinq0@desdev.cn,G3OkpILqOL
Emmett,Stoffers,estoffersq1@meetup.com,sxXtNs
Kale,McComiskie,kmccomiskieq2@miibeian.gov.cn,IjiFKMas0N
Cristian,Ranklin,cranklinq3@wordpress.org,q7xExogQX
Davita,Pevreal,dpevrealq4@blogspot.com,mNzEU7
Thibaud,Grewer,tgrewerq5@admin.ch,JxvoojLUhn
Luise,Westmarland,lwestmarlandq6@hhs.gov,KKfFreiqpwsH
Mady,Melarkey,mmelarkeyq7@nps.gov,3PkgCOQJVw
Prissie,Wardle,pwardleq8@cnbc.com,NiS3t4L
Gavrielle,Garlette,ggarletteq9@godaddy.com,AKn0kjxRZIa
Evangelia,Winslett,ewinslettqa@skyrock.com,OQtvbyMdoF0A
Ludovico,Grevel,lgrevelqb@biglobe.ne.jp,bQHkjV2c
Morgan,Hogsden,mhogsdenqc@nifty.com,GvpjBRgOWj9
Courtenay,Hoffner,choffnerqd@sohu.com,z6XyR8lVU
Neely,Klemensiewicz,nklemensiewiczqe@amazon.co.jp,HGVPPoEy
Maris,Shmyr,mshmyrqf@ftc.gov,xMMlkwqkJgg
Sandi,Fernandez,sfernandezqg@homestead.com,FxQeOgt
Joni,Nolan,jnolanqh@google.com.br,g2cznha10MB8
Clywd,McKeating,cmckeatingqi@ft.com,GmrIYhIM
Eziechiele,Elliot,eelliotqj@ebay.com,BKIjIMqYZSp
Rogerio,Dasent,rdasentqk@ask.com,FsWqvdw1
Maia,Asplen,masplenql@lycos.com,o0urNd
Inge,Gyorffy,igyorffyqm@cafepress.com,IzRqrxi
Rianon,Rylett,rrylettqn@mapy.cz,ikoFGIGHq8v
Sidonnie,Tal,stalqo@instagram.com,wQsh6oyt
Raina,Kinner,rkinnerqp@springer.com,2tkVXiHQ
Giovanni,Scouler,gscoulerqq@samsung.com,3P5vXDSHysA
Giffer,Dillintone,gdillintoneqr@microsoft.com,mAy6OH68UGe
Cyndi,Waterman,cwatermanqs@merriam-webster.com,sWfQRiHu
Shaw,Naul,snaulqt@umn.edu,dpHFtewkx
Kristen,Sainsbury,ksainsburyqu@cocolog-nifty.com,cE2D0RAWgy
Issy,Housin,ihousinqv@opera.com,twmzvcD6
Gennie,Ascroft,gascroftqw@umich.edu,fcti4ahSsH
Horatius,Jelphs,hjelphsqx@bravesites.com,duciVquD
Kingsly,McCambrois,kmccambroisqy@cloudflare.com,MXzInj
Davon,Cragoe,dcragoeqz@wp.com,0srWL8
Bunni,Tran,btranr0@desdev.cn,5JyleJv5
Lottie,Grisley,lgrisleyr1@army.mil,xEQOQB125
Joseito,Killingsworth,jkillingsworthr2@arizona.edu,i1JPb6R
Nani,Pluck,npluckr3@java.com,0cdgbYwQ
Wendel,Moultrie,wmoultrier4@gov.uk,nxfLOBWrQgu
Zachary,Ammer,zammerr5@imdb.com,s2WH02D7lvr
Gregor,Hambric,ghambricr6@alibaba.com,VCJVPfM9kYb
Felice,Bestiman,fbestimanr7@e-recht24.de,KLHov7bvb8
Terencio,Story,tstoryr8@unc.edu,Nbs5SrDIjX
Christian,Rosel,croselr9@thetimes.co.uk,aVSuJvlOYsZt
Gertrud,Osbourne,gosbournera@aboutads.info,vvkOyr8a8Kud
Jeanna,Delgado,jdelgadorb@nsw.gov.au,pouES3x
Chucho,Berntsson,cberntssonrc@wiley.com,7fivvy7yTCc
Shanon,Emmerson,semmersonrd@nationalgeographic.com,jXmc8W
Brennan,Ragsdall,bragsdallre@netvibes.com,yGsTjGaHd
Abbie,Skryne,askrynerf@youku.com,PRczNU09tj1
Celesta,Colliar,ccolliarrg@g.co,ZDIcGO7A
Lianna,McComas,lmccomasrh@go.com,Sd160AkBmwW
Bess,Delap,bdelapri@deliciousdays.com,5omztFtpxq
Jacquie,Mathevon,jmathevonrj@mayoclinic.com,1j69oGz
Hamnet,Mostin,hmostinrk@businesswire.com,u2yVID6q
Wendeline,Checchi,wchecchirl@bloomberg.com,NRNBQsAOezZA
Ana,Leber,aleberrm@amazon.de,FhPle2
Loni,Baniard,lbaniardrn@un.org,Es7XHK8Ql
Shawn,Giannasi,sgiannasiro@quantcast.com,IAefTe
Meade,Stenning,mstenningrp@psu.edu,83Jyze
Ursula,Mellows,umellowsrq@weibo.com,CEtJMEBFwaUT
Berry,Sheavills,bsheavillsrr@ucoz.com,426dj2